ID,URL,Title,Difficulty,Acceptance %,Frequency %
1,https://leetcode.com/problems/two-sum,Two Sum,Easy,57.10%,100.00%
2,https://leetcode.com/problems/add-two-numbers,Add Two Numbers,Medium,47.90%,75.00%
4,https://leetcode.com/problems/median-of-two-sorted-arrays,Median of Two Sorted Arrays,Hard,45.90%,75.00%
11,https://leetcode.com/problems/container-with-most-water,Container With Most Water,Medium,59.50%,75.00%
14,https://leetcode.com/problems/longest-common-prefix,Longest Common Prefix,Easy,47.10%,75.00%
3,https://leetcode.com/problems/longest-substring-without-repeating-characters,Longest Substring Without Repeating Characters,Medium,38.50%,62.50%
5,https://leetcode.com/problems/longest-palindromic-substring,Longest Palindromic Substring,Medium,37.30%,62.50%
7,https://leetcode.com/problems/reverse-integer,Reverse Integer,Medium,31.50%,62.50%
9,https://leetcode.com/problems/palindrome-number,Palindrome Number,Easy,60.20%,62.50%
13,https://leetcode.com/problems/roman-to-integer,Roman to Integer,Easy,66.20%,62.50%
15,https://leetcode.com/problems/3sum,3Sum,Medium,38.60%,62.50%
20,https://leetcode.com/problems/valid-parentheses,Valid Parentheses,Easy,43.70%,62.50%
26,https://leetcode.com/problems/remove-duplicates-from-sorted-array,Remove Duplicates from Sorted Array,Easy,62.20%,62.50%
42,https://leetcode.com/problems/trapping-rain-water,Trapping Rain Water,Hard,66.80%,62.50%
56,https://leetcode.com/problems/merge-intervals,Merge Intervals,Medium,51.10%,62.50%
66,https://leetcode.com/problems/plus-one,Plus One,Easy,49.50%,62.50%
121,https://leetcode.com/problems/best-time-to-buy-and-sell-stock,Best Time to Buy and Sell Stock,Easy,56.40%,62.50%
128,https://leetcode.com/problems/longest-consecutive-sequence,Longest Consecutive Sequence,Medium,47.00%,62.50%
169,https://leetcode.com/problems/majority-element,Majority Element,Easy,66.10%,62.50%
560,https://leetcode.com/problems/subarray-sum-equals-k,Subarray Sum Equals K,Medium,46.80%,62.50%
1929,https://leetcode.com/problems/concatenation-of-array,Concatenation of Array,Easy,90.50%,62.50%
21,https://leetcode.com/problems/merge-two-sorted-lists,Merge Two Sorted Lists,Easy,67.90%,50.00%
22,https://leetcode.com/problems/generate-parentheses,Generate Parentheses,Medium,78.20%,50.00%
27,https://leetcode.com/problems/remove-element,Remove Element,Easy,61.30%,50.00%
31,https://leetcode.com/problems/next-permutation,Next Permutation,Medium,44.70%,50.00%
33,https://leetcode.com/problems/search-in-rotated-sorted-array,Search in Rotated Sorted Array,Medium,44.10%,50.00%
34,https://leetcode.com/problems/find-first-and-last-position-of-element-in-sorted-array,Find First and Last Position of Element in Sorted Array,Medium,48.30%,50.00%
46,https://leetcode.com/problems/permutations,Permutations,Medium,81.60%,50.00%
49,https://leetcode.com/problems/group-anagrams,Group Anagrams,Medium,72.20%,50.00%
51,https://leetcode.com/problems/n-queens,N-Queens,Hard,74.90%,50.00%
53,https://leetcode.com/problems/maximum-subarray,Maximum Subarray,Medium,53.00%,50.00%
54,https://leetcode.com/problems/spiral-matrix,Spiral Matrix,Medium,56.10%,50.00%
67,https://leetcode.com/problems/add-binary,Add Binary,Easy,57.60%,50.00%
70,https://leetcode.com/problems/climbing-stairs,Climbing Stairs,Easy,53.90%,50.00%
72,https://leetcode.com/problems/edit-distance,Edit Distance,Medium,60.10%,50.00%
78,https://leetcode.com/problems/subsets,Subsets,Medium,82.00%,50.00%
84,https://leetcode.com/problems/largest-rectangle-in-histogram,Largest Rectangle in Histogram,Hard,49.30%,50.00%
85,https://leetcode.com/problems/maximal-rectangle,Maximal Rectangle,Hard,58.10%,50.00%
88,https://leetcode.com/problems/merge-sorted-array,Merge Sorted Array,Easy,54.40%,50.00%
125,https://leetcode.com/problems/valid-palindrome,Valid Palindrome,Easy,52.80%,50.00%
136,https://leetcode.com/problems/single-number,Single Number,Easy,77.30%,50.00%
146,https://leetcode.com/problems/lru-cache,LRU Cache,Medium,46.80%,50.00%
160,https://leetcode.com/problems/intersection-of-two-linked-lists,Intersection of Two Linked Lists,Easy,63.20%,50.00%
162,https://leetcode.com/problems/find-peak-element,Find Peak Element,Medium,46.80%,50.00%
167,https://leetcode.com/problems/two-sum-ii-input-array-is-sorted,Two Sum II - Input Array Is Sorted,Medium,64.60%,50.00%
175,https://leetcode.com/problems/combine-two-tables,Combine Two Tables,Easy,79.20%,50.00%
189,https://leetcode.com/problems/rotate-array,Rotate Array,Medium,44.40%,50.00%
198,https://leetcode.com/problems/house-robber,House Robber,Medium,52.90%,50.00%
200,https://leetcode.com/problems/number-of-islands,Number of Islands,Medium,63.80%,50.00%
202,https://leetcode.com/problems/happy-number,Happy Number,Easy,59.20%,50.00%
206,https://leetcode.com/problems/reverse-linked-list,Reverse Linked List,Easy,80.20%,50.00%
215,https://leetcode.com/problems/kth-largest-element-in-an-array,Kth Largest Element in an Array,Medium,68.80%,50.00%
217,https://leetcode.com/problems/contains-duplicate,Contains Duplicate,Easy,64.10%,50.00%
219,https://leetcode.com/problems/contains-duplicate-ii,Contains Duplicate II,Easy,50.80%,50.00%
238,https://leetcode.com/problems/product-of-array-except-self,Product of Array Except Self,Medium,68.60%,50.00%
242,https://leetcode.com/problems/valid-anagram,Valid Anagram,Easy,67.80%,50.00%
253,https://leetcode.com/problems/meeting-rooms-ii,Meeting Rooms II,Medium,52.50%,50.00%
283,https://leetcode.com/problems/move-zeroes,Move Zeroes,Easy,63.50%,50.00%
347,https://leetcode.com/problems/top-k-frequent-elements,Top K Frequent Elements,Medium,65.80%,50.00%
354,https://leetcode.com/problems/russian-doll-envelopes,Russian Doll Envelopes,Hard,37.70%,50.00%
394,https://leetcode.com/problems/decode-string,Decode String,Medium,62.20%,50.00%
424,https://leetcode.com/problems/longest-repeating-character-replacement,Longest Repeating Character Replacement,Medium,59.00%,50.00%
540,https://leetcode.com/problems/single-element-in-a-sorted-array,Single Element in a Sorted Array,Medium,59.20%,50.00%
704,https://leetcode.com/problems/binary-search,Binary Search,Easy,60.50%,50.00%
875,https://leetcode.com/problems/koko-eating-bananas,Koko Eating Bananas,Medium,49.70%,50.00%
912,https://leetcode.com/problems/sort-an-array,Sort an Array,Medium,55.90%,50.00%
1502,https://leetcode.com/problems/can-make-arithmetic-progression-from-sequence,Can Make Arithmetic Progression From Sequence,Easy,69.20%,50.00%
1757,https://leetcode.com/problems/recyclable-and-low-fat-products,Recyclable and Low Fat Products,Easy,88.80%,50.00%
1768,https://leetcode.com/problems/merge-strings-alternately,Merge Strings Alternately,Easy,82.10%,50.00%
1944,https://leetcode.com/problems/number-of-visible-people-in-a-queue,Number of Visible People in a Queue,Hard,72.30%,50.00%
2667,https://leetcode.com/problems/create-hello-world-function,Create Hello World Function,Easy,82.00%,50.00%
3453,https://leetcode.com/problems/separate-squares-i,Separate Squares I,Medium,58.00%,50.00%
6,https://leetcode.com/problems/zigzag-conversion,Zigzag Conversion,Medium,53.50%,37.50%
10,https://leetcode.com/problems/regular-expression-matching,Regular Expression Matching,Hard,30.40%,37.50%
12,https://leetcode.com/problems/integer-to-roman,Integer to Roman,Medium,70.40%,37.50%
16,https://leetcode.com/problems/3sum-closest,3Sum Closest,Medium,48.00%,37.50%
17,https://leetcode.com/problems/letter-combinations-of-a-phone-number,Letter Combinations of a Phone Number,Medium,65.50%,37.50%
18,https://leetcode.com/problems/4sum,4Sum,Medium,40.00%,37.50%
19,https://leetcode.com/problems/remove-nth-node-from-end-of-list,Remove Nth Node From End of List,Medium,51.00%,37.50%
23,https://leetcode.com/problems/merge-k-sorted-lists,Merge k Sorted Lists,Hard,58.80%,37.50%
28,https://leetcode.com/problems/find-the-index-of-the-first-occurrence-in-a-string,Find the Index of the First Occurrence in a String,Easy,46.20%,37.50%
32,https://leetcode.com/problems/longest-valid-parentheses,Longest Valid Parentheses,Hard,38.00%,37.50%
35,https://leetcode.com/problems/search-insert-position,Search Insert Position,Easy,50.70%,37.50%
37,https://leetcode.com/problems/sudoku-solver,Sudoku Solver,Hard,65.40%,37.50%
39,https://leetcode.com/problems/combination-sum,Combination Sum,Medium,76.10%,37.50%
48,https://leetcode.com/problems/rotate-image,Rotate Image,Medium,79.30%,37.50%
55,https://leetcode.com/problems/jump-game,Jump Game,Medium,40.50%,37.50%
57,https://leetcode.com/problems/insert-interval,Insert Interval,Medium,44.70%,37.50%
58,https://leetcode.com/problems/length-of-last-word,Length of Last Word,Easy,58.30%,37.50%
62,https://leetcode.com/problems/unique-paths,Unique Paths,Medium,66.50%,37.50%
69,https://leetcode.com/problems/sqrtx,Sqrt(x),Easy,41.40%,37.50%
75,https://leetcode.com/problems/sort-colors,Sort Colors,Medium,69.10%,37.50%
83,https://leetcode.com/problems/remove-duplicates-from-sorted-list,Remove Duplicates from Sorted List,Easy,56.20%,37.50%
100,https://leetcode.com/problems/same-tree,Same Tree,Easy,66.60%,37.50%
103,https://leetcode.com/problems/binary-tree-zigzag-level-order-traversal,Binary Tree Zigzag Level Order Traversal,Medium,63.10%,37.50%
118,https://leetcode.com/problems/pascals-triangle,Pascal's Triangle,Easy,78.70%,37.50%
122,https://leetcode.com/problems/best-time-to-buy-and-sell-stock-ii,Best Time to Buy and Sell Stock II,Medium,70.70%,37.50%
127,https://leetcode.com/problems/word-ladder,Word Ladder,Hard,44.90%,37.50%
130,https://leetcode.com/problems/surrounded-regions,Surrounded Regions,Medium,44.70%,37.50%
135,https://leetcode.com/problems/candy,Candy,Hard,47.90%,37.50%
137,https://leetcode.com/problems/single-number-ii,Single Number II,Medium,66.70%,37.50%
139,https://leetcode.com/problems/word-break,Word Break,Medium,49.10%,37.50%
141,https://leetcode.com/problems/linked-list-cycle,Linked List Cycle,Easy,53.90%,37.50%
152,https://leetcode.com/problems/maximum-product-subarray,Maximum Product Subarray,Medium,36.00%,37.50%
153,https://leetcode.com/problems/find-minimum-in-rotated-sorted-array,Find Minimum in Rotated Sorted Array,Medium,53.80%,37.50%
179,https://leetcode.com/problems/largest-number,Largest Number,Medium,42.60%,37.50%
181,https://leetcode.com/problems/employees-earning-more-than-their-managers,Employees Earning More Than Their Managers,Easy,72.80%,37.50%
205,https://leetcode.com/problems/isomorphic-strings,Isomorphic Strings,Easy,48.00%,37.50%
207,https://leetcode.com/problems/course-schedule,Course Schedule,Medium,50.80%,37.50%
209,https://leetcode.com/problems/minimum-size-subarray-sum,Minimum Size Subarray Sum,Medium,51.00%,37.50%
210,https://leetcode.com/problems/course-schedule-ii,Course Schedule II,Medium,55.00%,37.50%
221,https://leetcode.com/problems/maximal-square,Maximal Square,Medium,50.00%,37.50%
224,https://leetcode.com/problems/basic-calculator,Basic Calculator,Hard,46.50%,37.50%
231,https://leetcode.com/problems/power-of-two,Power of Two,Easy,49.80%,37.50%
239,https://leetcode.com/problems/sliding-window-maximum,Sliding Window Maximum,Hard,48.40%,37.50%
249,https://leetcode.com/problems/group-shifted-strings,Group Shifted Strings,Medium,67.70%,37.50%
268,https://leetcode.com/problems/missing-number,Missing Number,Easy,71.60%,37.50%
278,https://leetcode.com/problems/first-bad-version,First Bad Version,Easy,46.80%,37.50%
287,https://leetcode.com/problems/find-the-duplicate-number,Find the Duplicate Number,Medium,64.00%,37.50%
300,https://leetcode.com/problems/longest-increasing-subsequence,Longest Increasing Subsequence,Medium,59.00%,37.50%
304,https://leetcode.com/problems/range-sum-query-2d-immutable,Range Sum Query 2D - Immutable,Medium,57.80%,37.50%
319,https://leetcode.com/problems/bulb-switcher,Bulb Switcher,Medium,55.50%,37.50%
322,https://leetcode.com/problems/coin-change,Coin Change,Medium,47.90%,37.50%
344,https://leetcode.com/problems/reverse-string,Reverse String,Easy,80.50%,37.50%
345,https://leetcode.com/problems/reverse-vowels-of-a-string,Reverse Vowels of a String,Easy,60.60%,37.50%
359,https://leetcode.com/problems/logger-rate-limiter,Logger Rate Limiter,Easy,76.80%,37.50%
380,https://leetcode.com/problems/insert-delete-getrandom-o1,Insert Delete GetRandom O(1),Medium,55.30%,37.50%
383,https://leetcode.com/problems/ransom-note,Ransom Note,Easy,65.60%,37.50%
387,https://leetcode.com/problems/first-unique-character-in-a-string,First Unique Character in a String,Easy,65.00%,37.50%
410,https://leetcode.com/problems/split-array-largest-sum,Split Array Largest Sum,Hard,59.80%,37.50%
414,https://leetcode.com/problems/third-maximum-number,Third Maximum Number,Easy,38.80%,37.50%
443,https://leetcode.com/problems/string-compression,String Compression,Medium,59.50%,37.50%
448,https://leetcode.com/problems/find-all-numbers-disappeared-in-an-array,Find All Numbers Disappeared in an Array,Easy,63.70%,37.50%
485,https://leetcode.com/problems/max-consecutive-ones,Max Consecutive Ones,Easy,64.60%,37.50%
518,https://leetcode.com/problems/coin-change-ii,Coin Change II,Medium,60.50%,37.50%
636,https://leetcode.com/problems/exclusive-time-of-functions,Exclusive Time of Functions,Medium,66.10%,37.50%
645,https://leetcode.com/problems/set-mismatch,Set Mismatch,Easy,44.20%,37.50%
743,https://leetcode.com/problems/network-delay-time,Network Delay Time,Medium,59.70%,37.50%
778,https://leetcode.com/problems/swim-in-rising-water,Swim in Rising Water,Hard,67.60%,37.50%
799,https://leetcode.com/problems/champagne-tower,Champagne Tower,Medium,64.00%,37.50%
843,https://leetcode.com/problems/guess-the-word,Guess the Word,Hard,36.90%,37.50%
904,https://leetcode.com/problems/fruit-into-baskets,Fruit Into Baskets,Medium,50.50%,37.50%
961,https://leetcode.com/problems/n-repeated-element-in-size-2n-array,N-Repeated Element in Size 2N Array,Easy,79.80%,37.50%
977,https://leetcode.com/problems/squares-of-a-sorted-array,Squares of a Sorted Array,Easy,73.60%,37.50%
992,https://leetcode.com/problems/subarrays-with-k-different-integers,Subarrays with K Different Integers,Hard,67.50%,37.50%
994,https://leetcode.com/problems/rotting-oranges,Rotting Oranges,Medium,58.10%,37.50%
1004,https://leetcode.com/problems/max-consecutive-ones-iii,Max Consecutive Ones III,Medium,67.30%,37.50%
1015,https://leetcode.com/problems/smallest-integer-divisible-by-k,Smallest Integer Divisible by K,Medium,54.30%,37.50%
1101,https://leetcode.com/problems/the-earliest-moment-when-everyone-become-friends,The Earliest Moment When Everyone Become Friends,Medium,65.90%,37.50%
1143,https://leetcode.com/problems/longest-common-subsequence,Longest Common Subsequence,Medium,58.90%,37.50%
1200,https://leetcode.com/problems/minimum-absolute-difference,Minimum Absolute Difference,Easy,75.00%,37.50%
1339,https://leetcode.com/problems/maximum-product-of-splitted-binary-tree,Maximum Product of Splitted Binary Tree,Medium,55.50%,37.50%
1470,https://leetcode.com/problems/shuffle-the-array,Shuffle the Array,Easy,89.00%,37.50%
1480,https://leetcode.com/problems/running-sum-of-1d-array,Running Sum of 1d Array,Easy,86.90%,37.50%
1752,https://leetcode.com/problems/check-if-array-is-sorted-and-rotated,Check if Array Is Sorted and Rotated,Easy,55.70%,37.50%
1877,https://leetcode.com/problems/minimize-maximum-pair-sum-in-array,Minimize Maximum Pair Sum in Array,Medium,83.30%,37.50%
1925,https://leetcode.com/problems/count-square-sum-triples,Count Square Sum Triples,Easy,77.10%,37.50%
1975,https://leetcode.com/problems/maximum-matrix-sum,Maximum Matrix Sum,Medium,67.60%,37.50%
2188,https://leetcode.com/problems/minimum-time-to-finish-the-race,Minimum Time to Finish the Race,Hard,43.30%,37.50%
2235,https://leetcode.com/problems/add-two-integers,Add Two Integers,Easy,87.90%,37.50%
3010,https://leetcode.com/problems/divide-an-array-into-subarrays-with-minimum-cost-i,Divide an Array Into Subarrays With Minimum Cost I,Easy,80.50%,37.50%
3637,https://leetcode.com/problems/trionic-array-i,Trionic Array I,Easy,49.50%,37.50%
3721,https://leetcode.com/problems/longest-balanced-subarray-ii,Longest Balanced Subarray II,Hard,33.80%,37.50%
24,https://leetcode.com/problems/swap-nodes-in-pairs,Swap Nodes in Pairs,Medium,68.90%,25.00%
25,https://leetcode.com/problems/reverse-nodes-in-k-group,Reverse Nodes in k-Group,Hard,65.30%,25.00%
40,https://leetcode.com/problems/combination-sum-ii,Combination Sum II,Medium,59.00%,25.00%
41,https://leetcode.com/problems/first-missing-positive,First Missing Positive,Hard,42.40%,25.00%
44,https://leetcode.com/problems/wildcard-matching,Wildcard Matching,Hard,31.30%,25.00%
45,https://leetcode.com/problems/jump-game-ii,Jump Game II,Medium,42.40%,25.00%
50,https://leetcode.com/problems/powx-n,"Pow(x, n)",Medium,38.20%,25.00%
60,https://leetcode.com/problems/permutation-sequence,Permutation Sequence,Hard,52.10%,25.00%
71,https://leetcode.com/problems/simplify-path,Simplify Path,Medium,50.00%,25.00%
73,https://leetcode.com/problems/set-matrix-zeroes,Set Matrix Zeroes,Medium,62.40%,25.00%
74,https://leetcode.com/problems/search-a-2d-matrix,Search a 2D Matrix,Medium,53.50%,25.00%
76,https://leetcode.com/problems/minimum-window-substring,Minimum Window Substring,Hard,46.90%,25.00%
80,https://leetcode.com/problems/remove-duplicates-from-sorted-array-ii,Remove Duplicates from Sorted Array II,Medium,64.30%,25.00%
86,https://leetcode.com/problems/partition-list,Partition List,Medium,60.60%,25.00%
90,https://leetcode.com/problems/subsets-ii,Subsets II,Medium,60.90%,25.00%
92,https://leetcode.com/problems/reverse-linked-list-ii,Reverse Linked List II,Medium,51.00%,25.00%
94,https://leetcode.com/problems/binary-tree-inorder-traversal,Binary Tree Inorder Traversal,Easy,79.70%,25.00%
97,https://leetcode.com/problems/interleaving-string,Interleaving String,Medium,43.50%,25.00%
98,https://leetcode.com/problems/validate-binary-search-tree,Validate Binary Search Tree,Medium,35.30%,25.00%
99,https://leetcode.com/problems/recover-binary-search-tree,Recover Binary Search Tree,Medium,58.70%,25.00%
110,https://leetcode.com/problems/balanced-binary-tree,Balanced Binary Tree,Easy,57.80%,25.00%
112,https://leetcode.com/problems/path-sum,Path Sum,Easy,54.40%,25.00%
124,https://leetcode.com/problems/binary-tree-maximum-path-sum,Binary Tree Maximum Path Sum,Hard,42.00%,25.00%
131,https://leetcode.com/problems/palindrome-partitioning,Palindrome Partitioning,Medium,73.70%,25.00%
133,https://leetcode.com/problems/clone-graph,Clone Graph,Medium,64.70%,25.00%
134,https://leetcode.com/problems/gas-station,Gas Station,Medium,47.50%,25.00%
142,https://leetcode.com/problems/linked-list-cycle-ii,Linked List Cycle II,Medium,57.20%,25.00%
143,https://leetcode.com/problems/reorder-list,Reorder List,Medium,64.60%,25.00%
148,https://leetcode.com/problems/sort-list,Sort List,Medium,63.80%,25.00%
150,https://leetcode.com/problems/evaluate-reverse-polish-notation,Evaluate Reverse Polish Notation,Medium,57.00%,25.00%
155,https://leetcode.com/problems/min-stack,Min Stack,Medium,57.70%,25.00%
168,https://leetcode.com/problems/excel-sheet-column-title,Excel Sheet Column Title,Easy,45.70%,25.00%
177,https://leetcode.com/problems/nth-highest-salary,Nth Highest Salary,Medium,38.80%,25.00%
178,https://leetcode.com/problems/rank-scores,Rank Scores,Medium,67.10%,25.00%
183,https://leetcode.com/problems/customers-who-never-order,Customers Who Never Order,Easy,71.50%,25.00%
196,https://leetcode.com/problems/delete-duplicate-emails,Delete Duplicate Emails,Easy,65.60%,25.00%
197,https://leetcode.com/problems/rising-temperature,Rising Temperature,Easy,51.00%,25.00%
227,https://leetcode.com/problems/basic-calculator-ii,Basic Calculator II,Medium,46.60%,25.00%
229,https://leetcode.com/problems/majority-element-ii,Majority Element II,Medium,55.80%,25.00%
234,https://leetcode.com/problems/palindrome-linked-list,Palindrome Linked List,Easy,57.40%,25.00%
236,https://leetcode.com/problems/lowest-common-ancestor-of-a-binary-tree,Lowest Common Ancestor of a Binary Tree,Medium,68.70%,25.00%
263,https://leetcode.com/problems/ugly-number,Ugly Number,Easy,43.10%,25.00%
279,https://leetcode.com/problems/perfect-squares,Perfect Squares,Medium,56.30%,25.00%
295,https://leetcode.com/problems/find-median-from-data-stream,Find Median from Data Stream,Hard,54.20%,25.00%
303,https://leetcode.com/problems/range-sum-query-immutable,Range Sum Query - Immutable,Easy,71.40%,25.00%
312,https://leetcode.com/problems/burst-balloons,Burst Balloons,Hard,62.90%,25.00%
315,https://leetcode.com/problems/count-of-smaller-numbers-after-self,Count of Smaller Numbers After Self,Hard,43.30%,25.00%
337,https://leetcode.com/problems/house-robber-iii,House Robber III,Medium,55.60%,25.00%
349,https://leetcode.com/problems/intersection-of-two-arrays,Intersection of Two Arrays,Easy,77.50%,25.00%
350,https://leetcode.com/problems/intersection-of-two-arrays-ii,Intersection of Two Arrays II,Easy,59.70%,25.00%
351,https://leetcode.com/problems/android-unlock-patterns,Android Unlock Patterns,Medium,53.70%,25.00%
360,https://leetcode.com/problems/sort-transformed-array,Sort Transformed Array,Medium,57.80%,25.00%
362,https://leetcode.com/problems/design-hit-counter,Design Hit Counter,Medium,69.60%,25.00%
371,https://leetcode.com/problems/sum-of-two-integers,Sum of Two Integers,Medium,55.00%,25.00%
399,https://leetcode.com/problems/evaluate-division,Evaluate Division,Medium,64.00%,25.00%
402,https://leetcode.com/problems/remove-k-digits,Remove K Digits,Medium,36.40%,25.00%
407,https://leetcode.com/problems/trapping-rain-water-ii,Trapping Rain Water II,Hard,64.00%,25.00%
412,https://leetcode.com/problems/fizz-buzz,Fizz Buzz,Easy,75.20%,25.00%
417,https://leetcode.com/problems/pacific-atlantic-water-flow,Pacific Atlantic Water Flow,Medium,60.60%,25.00%
430,https://leetcode.com/problems/flatten-a-multilevel-doubly-linked-list,Flatten a Multilevel Doubly Linked List,Medium,62.50%,25.00%
437,https://leetcode.com/problems/path-sum-iii,Path Sum III,Medium,46.30%,25.00%
438,https://leetcode.com/problems/find-all-anagrams-in-a-string,Find All Anagrams in a String,Medium,53.30%,25.00%
442,https://leetcode.com/problems/find-all-duplicates-in-an-array,Find All Duplicates in an Array,Medium,76.80%,25.00%
444,https://leetcode.com/problems/sequence-reconstruction,Sequence Reconstruction,Medium,30.50%,25.00%
450,https://leetcode.com/problems/delete-node-in-a-bst,Delete Node in a BST,Medium,54.20%,25.00%
455,https://leetcode.com/problems/assign-cookies,Assign Cookies,Easy,54.70%,25.00%
503,https://leetcode.com/problems/next-greater-element-ii,Next Greater Element II,Medium,67.90%,25.00%
507,https://leetcode.com/problems/perfect-number,Perfect Number,Easy,47.90%,25.00%
509,https://leetcode.com/problems/fibonacci-number,Fibonacci Number,Easy,73.90%,25.00%
525,https://leetcode.com/problems/contiguous-array,Contiguous Array,Medium,50.80%,25.00%
541,https://leetcode.com/problems/reverse-string-ii,Reverse String II,Easy,53.30%,25.00%
550,https://leetcode.com/problems/game-play-analysis-iv,Game Play Analysis IV,Medium,40.70%,25.00%
567,https://leetcode.com/problems/permutation-in-string,Permutation in String,Medium,48.40%,25.00%
595,https://leetcode.com/problems/big-countries,Big Countries,Easy,68.40%,25.00%
605,https://leetcode.com/problems/can-place-flowers,Can Place Flowers,Easy,29.00%,25.00%
643,https://leetcode.com/problems/maximum-average-subarray-i,Maximum Average Subarray I,Easy,47.00%,25.00%
658,https://leetcode.com/problems/find-k-closest-elements,Find K Closest Elements,Medium,49.40%,25.00%
678,https://leetcode.com/problems/valid-parenthesis-string,Valid Parenthesis String,Medium,39.80%,25.00%
693,https://leetcode.com/problems/binary-number-with-alternating-bits,Binary Number with Alternating Bits,Easy,69.70%,25.00%
701,https://leetcode.com/problems/insert-into-a-binary-search-tree,Insert into a Binary Search Tree,Medium,73.30%,25.00%
703,https://leetcode.com/problems/kth-largest-element-in-a-stream,Kth Largest Element in a Stream,Easy,60.70%,25.00%
714,https://leetcode.com/problems/best-time-to-buy-and-sell-stock-with-transaction-fee,Best Time to Buy and Sell Stock with Transaction Fee,Medium,71.70%,25.00%
715,https://leetcode.com/problems/range-module,Range Module,Hard,44.70%,25.00%
721,https://leetcode.com/problems/accounts-merge,Accounts Merge,Medium,60.90%,25.00%
728,https://leetcode.com/problems/self-dividing-numbers,Self Dividing Numbers,Easy,80.50%,25.00%
731,https://leetcode.com/problems/my-calendar-ii,My Calendar II,Medium,62.90%,25.00%
733,https://leetcode.com/problems/flood-fill,Flood Fill,Easy,67.80%,25.00%
756,https://leetcode.com/problems/pyramid-transition-matrix,Pyramid Transition Matrix,Medium,60.60%,25.00%
811,https://leetcode.com/problems/subdomain-visit-count,Subdomain Visit Count,Medium,77.20%,25.00%
833,https://leetcode.com/problems/find-and-replace-in-string,Find And Replace in String,Medium,50.90%,25.00%
840,https://leetcode.com/problems/magic-squares-in-grid,Magic Squares In Grid,Medium,55.10%,25.00%
844,https://leetcode.com/problems/backspace-string-compare,Backspace String Compare,Easy,49.80%,25.00%
876,https://leetcode.com/problems/middle-of-the-linked-list,Middle of the Linked List,Easy,81.50%,25.00%
933,https://leetcode.com/problems/number-of-recent-calls,Number of Recent Calls,Easy,78.10%,25.00%
934,https://leetcode.com/problems/shortest-bridge,Shortest Bridge,Medium,59.30%,25.00%
939,https://leetcode.com/problems/minimum-area-rectangle,Minimum Area Rectangle,Medium,55.30%,25.00%
944,https://leetcode.com/problems/delete-columns-to-make-sorted,Delete Columns to Make Sorted,Easy,78.00%,25.00%
956,https://leetcode.com/problems/tallest-billboard,Tallest Billboard,Hard,51.80%,25.00%
981,https://leetcode.com/problems/time-based-key-value-store,Time Based Key-Value Store,Medium,49.70%,25.00%
986,https://leetcode.com/problems/interval-list-intersections,Interval List Intersections,Medium,72.90%,25.00%
987,https://leetcode.com/problems/vertical-order-traversal-of-a-binary-tree,Vertical Order Traversal of a Binary Tree,Hard,53.20%,25.00%
1021,https://leetcode.com/problems/remove-outermost-parentheses,Remove Outermost Parentheses,Easy,86.80%,25.00%
1025,https://leetcode.com/problems/divisor-game,Divisor Game,Easy,71.50%,25.00%
1044,https://leetcode.com/problems/longest-duplicate-substring,Longest Duplicate Substring,Hard,31.10%,25.00%
1071,https://leetcode.com/problems/greatest-common-divisor-of-strings,Greatest Common Divisor of Strings,Easy,53.40%,25.00%
1094,https://leetcode.com/problems/car-pooling,Car Pooling,Medium,56.20%,25.00%
1137,https://leetcode.com/problems/n-th-tribonacci-number,N-th Tribonacci Number,Easy,63.30%,25.00%
1141,https://leetcode.com/problems/user-activity-for-the-past-30-days-i,User Activity for the Past 30 Days I,Easy,50.50%,25.00%
1148,https://leetcode.com/problems/article-views-i,Article Views I,Easy,76.70%,25.00%
1161,https://leetcode.com/problems/maximum-level-sum-of-a-binary-tree,Maximum Level Sum of a Binary Tree,Medium,70.00%,25.00%
1244,https://leetcode.com/problems/design-a-leaderboard,Design A Leaderboard,Medium,68.10%,25.00%
1262,https://leetcode.com/problems/greatest-sum-divisible-by-three,Greatest Sum Divisible by Three,Medium,57.10%,25.00%
1266,https://leetcode.com/problems/minimum-time-visiting-all-points,Minimum Time Visiting All Points,Easy,84.80%,25.00%
1283,https://leetcode.com/problems/find-the-smallest-divisor-given-a-threshold,Find the Smallest Divisor Given a Threshold,Medium,65.40%,25.00%
1292,https://leetcode.com/problems/maximum-side-length-of-a-square-with-sum-less-than-or-equal-to-threshold,Maximum Side Length of a Square with Sum Less than or Equal to Threshold,Medium,65.50%,25.00%
1351,https://leetcode.com/problems/count-negative-numbers-in-a-sorted-matrix,Count Negative Numbers in a Sorted Matrix,Easy,79.50%,25.00%
1411,https://leetcode.com/problems/number-of-ways-to-paint-n-3-grid,Number of Ways to Paint N × 3 Grid,Hard,80.50%,25.00%
1458,https://leetcode.com/problems/max-dot-product-of-two-subsequences,Max Dot Product of Two Subsequences,Hard,69.30%,25.00%
1482,https://leetcode.com/problems/minimum-number-of-days-to-make-m-bouquets,Minimum Number of Days to Make m Bouquets,Medium,56.20%,25.00%
1512,https://leetcode.com/problems/number-of-good-pairs,Number of Good Pairs,Easy,89.80%,25.00%
1539,https://leetcode.com/problems/kth-missing-positive-number,Kth Missing Positive Number,Easy,63.20%,25.00%
1603,https://leetcode.com/problems/design-parking-system,Design Parking System,Easy,87.10%,25.00%
1653,https://leetcode.com/problems/minimum-deletions-to-make-string-balanced,Minimum Deletions to Make String Balanced,Medium,68.20%,25.00%
1838,https://leetcode.com/problems/frequency-of-the-most-frequent-element,Frequency of the Most Frequent Element,Medium,44.60%,25.00%
1922,https://leetcode.com/problems/count-good-numbers,Count Good Numbers,Medium,57.40%,25.00%
1934,https://leetcode.com/problems/confirmation-rate,Confirmation Rate,Medium,61.60%,25.00%
1970,https://leetcode.com/problems/last-day-where-you-can-still-cross,Last Day Where You Can Still Cross,Hard,68.60%,25.00%
1971,https://leetcode.com/problems/find-if-path-exists-in-graph,Find if Path Exists in Graph,Easy,54.70%,25.00%
1976,https://leetcode.com/problems/number-of-ways-to-arrive-at-destination,Number of Ways to Arrive at Destination,Medium,37.30%,25.00%
2035,https://leetcode.com/problems/partition-array-into-two-arrays-to-minimize-sum-difference,Partition Array Into Two Arrays to Minimize Sum Difference,Hard,23.00%,25.00%
2054,https://leetcode.com/problems/two-best-non-overlapping-events,Two Best Non-Overlapping Events,Medium,64.00%,25.00%
2110,https://leetcode.com/problems/number-of-smooth-descent-periods-of-a-stock,Number of Smooth Descent Periods of a Stock,Medium,67.70%,25.00%
2141,https://leetcode.com/problems/maximum-running-time-of-n-computers,Maximum Running Time of N Computers,Hard,56.40%,25.00%
2149,https://leetcode.com/problems/rearrange-array-elements-by-sign,Rearrange Array Elements by Sign,Medium,84.50%,25.00%
2337,https://leetcode.com/problems/move-pieces-to-obtain-a-string,Move Pieces to Obtain a String,Medium,56.70%,25.00%
2396,https://leetcode.com/problems/strictly-palindromic-number,Strictly Palindromic Number,Medium,90.20%,25.00%
2534,https://leetcode.com/problems/time-taken-to-cross-the-door,Time Taken to Cross the Door,Hard,50.10%,25.00%
2619,https://leetcode.com/problems/array-prototype-last,Array Prototype Last,Easy,74.60%,25.00%
2620,https://leetcode.com/problems/counter,Counter,Easy,82.40%,25.00%
2872,https://leetcode.com/problems/maximum-number-of-k-divisible-components,Maximum Number of K-Divisible Components,Hard,74.10%,25.00%
2965,https://leetcode.com/problems/find-missing-and-repeated-values,Find Missing and Repeated Values,Easy,83.30%,25.00%
2975,https://leetcode.com/problems/maximum-square-area-by-removing-fences-from-a-field,Maximum Square Area by Removing Fences From a Field,Medium,49.40%,25.00%
2976,https://leetcode.com/problems/minimum-cost-to-convert-string-i,Minimum Cost to Convert String I,Medium,63.30%,25.00%
3047,https://leetcode.com/problems/find-the-largest-area-of-square-inside-two-rectangles,Find the Largest Area of Square Inside Two Rectangles,Medium,66.80%,25.00%
3074,https://leetcode.com/problems/apple-redistribution-into-boxes,Apple Redistribution into Boxes,Easy,78.40%,25.00%
3507,https://leetcode.com/problems/minimum-pair-removal-to-sort-array-i,Minimum Pair Removal to Sort Array I,Easy,65.30%,25.00%
3512,https://leetcode.com/problems/minimum-operations-to-make-array-sum-divisible-by-k,Minimum Operations to Make Array Sum Divisible by K,Easy,92.40%,25.00%
3562,https://leetcode.com/problems/maximum-profit-from-trading-stocks-with-discounts,Maximum Profit from Trading Stocks with Discounts,Hard,56.80%,25.00%
3583,https://leetcode.com/problems/count-special-triplets,Count Special Triplets,Medium,47.10%,25.00%
3625,https://leetcode.com/problems/count-number-of-trapezoids-ii,Count Number of Trapezoids II,Hard,40.00%,25.00%
3634,https://leetcode.com/problems/minimum-removals-to-balance-array,Minimum Removals to Balance Array,Medium,47.90%,25.00%
3640,https://leetcode.com/problems/trionic-array-ii,Trionic Array II,Hard,47.30%,25.00%
3651,https://leetcode.com/problems/minimum-cost-path-with-teleportations,Minimum Cost Path with Teleportations,Hard,45.80%,25.00%
3714,https://leetcode.com/problems/longest-balanced-substring-ii,Longest Balanced Substring II,Medium,42.10%,25.00%
3738,https://leetcode.com/problems/longest-non-decreasing-subarray-after-replacing-at-most-one-element,Longest Non-Decreasing Subarray After Replacing at Most One Element,Medium,21.40%,25.00%
3756,https://leetcode.com/problems/concatenate-non-zero-digits-and-multiply-by-sum-ii,Concatenate Non-Zero Digits and Multiply by Sum II,Medium,24.00%,25.00%
3815,https://leetcode.com/problems/design-auction-system,Design Auction System,Medium,41.80%,25.00%
29,https://leetcode.com/problems/divide-two-integers,Divide Two Integers,Medium,19.40%,12.50%
38,https://leetcode.com/problems/count-and-say,Count and Say,Medium,62.30%,12.50%
43,https://leetcode.com/problems/multiply-strings,Multiply Strings,Medium,43.50%,12.50%
47,https://leetcode.com/problems/permutations-ii,Permutations II,Medium,62.90%,12.50%
68,https://leetcode.com/problems/text-justification,Text Justification,Hard,50.40%,12.50%
79,https://leetcode.com/problems/word-search,Word Search,Medium,46.80%,12.50%
95,https://leetcode.com/problems/unique-binary-search-trees-ii,Unique Binary Search Trees II,Medium,61.90%,12.50%
102,https://leetcode.com/problems/binary-tree-level-order-traversal,Binary Tree Level Order Traversal,Medium,72.20%,12.50%
108,https://leetcode.com/problems/convert-sorted-array-to-binary-search-tree,Convert Sorted Array to Binary Search Tree,Easy,75.20%,12.50%
113,https://leetcode.com/problems/path-sum-ii,Path Sum II,Medium,61.70%,12.50%
115,https://leetcode.com/problems/distinct-subsequences,Distinct Subsequences,Hard,51.50%,12.50%
116,https://leetcode.com/problems/populating-next-right-pointers-in-each-node,Populating Next Right Pointers in Each Node,Medium,66.80%,12.50%
119,https://leetcode.com/problems/pascals-triangle-ii,Pascal's Triangle II,Easy,67.10%,12.50%
123,https://leetcode.com/problems/best-time-to-buy-and-sell-stock-iii,Best Time to Buy and Sell Stock III,Hard,53.10%,12.50%
126,https://leetcode.com/problems/word-ladder-ii,Word Ladder II,Hard,27.50%,12.50%
138,https://leetcode.com/problems/copy-list-with-random-pointer,Copy List with Random Pointer,Medium,62.40%,12.50%
140,https://leetcode.com/problems/word-break-ii,Word Break II,Hard,55.10%,12.50%
151,https://leetcode.com/problems/reverse-words-in-a-string,Reverse Words in a String,Medium,55.50%,12.50%
176,https://leetcode.com/problems/second-highest-salary,Second Highest Salary,Medium,46.30%,12.50%
190,https://leetcode.com/problems/reverse-bits,Reverse Bits,Easy,67.70%,12.50%
213,https://leetcode.com/problems/house-robber-ii,House Robber II,Medium,44.60%,12.50%
214,https://leetcode.com/problems/shortest-palindrome,Shortest Palindrome,Hard,41.80%,12.50%
216,https://leetcode.com/problems/combination-sum-iii,Combination Sum III,Medium,72.90%,12.50%
218,https://leetcode.com/problems/the-skyline-problem,The Skyline Problem,Hard,45.00%,12.50%
220,https://leetcode.com/problems/contains-duplicate-iii,Contains Duplicate III,Hard,24.40%,12.50%
223,https://leetcode.com/problems/rectangle-area,Rectangle Area,Medium,48.90%,12.50%
228,https://leetcode.com/problems/summary-ranges,Summary Ranges,Easy,53.90%,12.50%
230,https://leetcode.com/problems/kth-smallest-element-in-a-bst,Kth Smallest Element in a BST,Medium,76.50%,12.50%
232,https://leetcode.com/problems/implement-queue-using-stacks,Implement Queue using Stacks,Easy,69.30%,12.50%
233,https://leetcode.com/problems/number-of-digit-one,Number of Digit One,Hard,37.70%,12.50%
237,https://leetcode.com/problems/delete-node-in-a-linked-list,Delete Node in a Linked List,Medium,83.60%,12.50%
258,https://leetcode.com/problems/add-digits,Add Digits,Easy,68.60%,12.50%
262,https://leetcode.com/problems/trips-and-users,Trips and Users,Hard,37.70%,12.50%
271,https://leetcode.com/problems/encode-and-decode-strings,Encode and Decode Strings,Medium,51.20%,12.50%
282,https://leetcode.com/problems/expression-add-operators,Expression Add Operators,Hard,42.80%,12.50%
292,https://leetcode.com/problems/nim-game,Nim Game,Easy,59.20%,12.50%
297,https://leetcode.com/problems/serialize-and-deserialize-binary-tree,Serialize and Deserialize Binary Tree,Hard,60.30%,12.50%
392,https://leetcode.com/problems/is-subsequence,Is Subsequence,Easy,48.80%,12.50%
395,https://leetcode.com/problems/longest-substring-with-at-least-k-repeating-characters,Longest Substring with At Least K Repeating Characters,Medium,46.00%,12.50%
401,https://leetcode.com/problems/binary-watch,Binary Watch,Easy,65.10%,12.50%
409,https://leetcode.com/problems/longest-palindrome,Longest Palindrome,Easy,55.80%,12.50%
413,https://leetcode.com/problems/arithmetic-slices,Arithmetic Slices,Medium,64.80%,12.50%
415,https://leetcode.com/problems/add-strings,Add Strings,Easy,52.10%,12.50%
435,https://leetcode.com/problems/non-overlapping-intervals,Non-overlapping Intervals,Medium,56.70%,12.50%
465,https://leetcode.com/problems/optimal-account-balancing,Optimal Account Balancing,Hard,50.30%,12.50%
480,https://leetcode.com/problems/sliding-window-median,Sliding Window Median,Hard,38.90%,12.50%
496,https://leetcode.com/problems/next-greater-element-i,Next Greater Element I,Easy,75.70%,12.50%
498,https://leetcode.com/problems/diagonal-traverse,Diagonal Traverse,Medium,67.00%,12.50%
520,https://leetcode.com/problems/detect-capital,Detect Capital,Easy,56.50%,12.50%
543,https://leetcode.com/problems/diameter-of-binary-tree,Diameter of Binary Tree,Easy,65.00%,12.50%
572,https://leetcode.com/problems/subtree-of-another-tree,Subtree of Another Tree,Easy,51.20%,12.50%
577,https://leetcode.com/problems/employee-bonus,Employee Bonus,Easy,77.10%,12.50%
585,https://leetcode.com/problems/investments-in-2016,Investments in 2016,Medium,50.80%,12.50%
586,https://leetcode.com/problems/customer-placing-the-largest-number-of-orders,Customer Placing the Largest Number of Orders,Easy,64.30%,12.50%
601,https://leetcode.com/problems/human-traffic-of-stadium,Human Traffic of Stadium,Hard,50.80%,12.50%
620,https://leetcode.com/problems/not-boring-movies,Not Boring Movies,Easy,75.10%,12.50%
622,https://leetcode.com/problems/design-circular-queue,Design Circular Queue,Medium,54.00%,12.50%
653,https://leetcode.com/problems/two-sum-iv-input-is-a-bst,Two Sum IV - Input is a BST,Easy,63.00%,12.50%
669,https://leetcode.com/problems/trim-a-binary-search-tree,Trim a Binary Search Tree,Medium,66.60%,12.50%
692,https://leetcode.com/problems/top-k-frequent-words,Top K Frequent Words,Medium,60.00%,12.50%
695,https://leetcode.com/problems/max-area-of-island,Max Area of Island,Medium,73.80%,12.50%
696,https://leetcode.com/problems/count-binary-substrings,Count Binary Substrings,Easy,70.20%,12.50%
698,https://leetcode.com/problems/partition-to-k-equal-sum-subsets,Partition to K Equal Sum Subsets,Medium,38.40%,12.50%
735,https://leetcode.com/problems/asteroid-collision,Asteroid Collision,Medium,47.10%,12.50%
766,https://leetcode.com/problems/toeplitz-matrix,Toeplitz Matrix,Easy,69.60%,12.50%
767,https://leetcode.com/problems/reorganize-string,Reorganize String,Medium,56.80%,12.50%
777,https://leetcode.com/problems/swap-adjacent-in-lr-string,Swap Adjacent in LR String,Medium,37.90%,12.50%
787,https://leetcode.com/problems/cheapest-flights-within-k-stops,Cheapest Flights Within K Stops,Medium,41.40%,12.50%
796,https://leetcode.com/problems/rotate-string,Rotate String,Easy,65.10%,12.50%
802,https://leetcode.com/problems/find-eventual-safe-states,Find Eventual Safe States,Medium,70.30%,12.50%
807,https://leetcode.com/problems/max-increase-to-keep-city-skyline,Max Increase to Keep City Skyline,Medium,86.40%,12.50%
815,https://leetcode.com/problems/bus-routes,Bus Routes,Hard,47.10%,12.50%
827,https://leetcode.com/problems/making-a-large-island,Making A Large Island,Hard,56.30%,12.50%
852,https://leetcode.com/problems/peak-index-in-a-mountain-array,Peak Index in a Mountain Array,Medium,66.90%,12.50%
865,https://leetcode.com/problems/smallest-subtree-with-all-the-deepest-nodes,Smallest Subtree with all the Deepest Nodes,Medium,77.50%,12.50%
871,https://leetcode.com/problems/minimum-number-of-refueling-stops,Minimum Number of Refueling Stops,Hard,41.10%,12.50%
896,https://leetcode.com/problems/monotonic-array,Monotonic Array,Easy,62.20%,12.50%
900,https://leetcode.com/problems/rle-iterator,RLE Iterator,Medium,59.20%,12.50%
901,https://leetcode.com/problems/online-stock-span,Online Stock Span,Medium,68.70%,12.50%
905,https://leetcode.com/problems/sort-array-by-parity,Sort Array By Parity,Easy,76.50%,12.50%
907,https://leetcode.com/problems/sum-of-subarray-minimums,Sum of Subarray Minimums,Medium,38.30%,12.50%
909,https://leetcode.com/problems/snakes-and-ladders,Snakes and Ladders,Medium,48.00%,12.50%
914,https://leetcode.com/problems/x-of-a-kind-in-a-deck-of-cards,X of a Kind in a Deck of Cards,Easy,30.10%,12.50%
922,https://leetcode.com/problems/sort-array-by-parity-ii,Sort Array By Parity II,Easy,71.20%,12.50%
930,https://leetcode.com/problems/binary-subarrays-with-sum,Binary Subarrays With Sum,Medium,68.20%,12.50%
947,https://leetcode.com/problems/most-stones-removed-with-same-row-or-column,Most Stones Removed with Same Row or Column,Medium,62.70%,12.50%
974,https://leetcode.com/problems/subarray-sums-divisible-by-k,Subarray Sums Divisible by K,Medium,56.00%,12.50%
978,https://leetcode.com/problems/longest-turbulent-subarray,Longest Turbulent Subarray,Medium,48.90%,12.50%
980,https://leetcode.com/problems/unique-paths-iii,Unique Paths III,Hard,82.70%,12.50%
1008,https://leetcode.com/problems/construct-binary-search-tree-from-preorder-traversal,Construct Binary Search Tree from Preorder Traversal,Medium,84.10%,12.50%
1011,https://leetcode.com/problems/capacity-to-ship-packages-within-d-days,Capacity To Ship Packages Within D Days,Medium,73.50%,12.50%
1027,https://leetcode.com/problems/longest-arithmetic-subsequence,Longest Arithmetic Subsequence,Medium,49.90%,12.50%
1034,https://leetcode.com/problems/coloring-a-border,Coloring A Border,Medium,51.10%,12.50%
1047,https://leetcode.com/problems/remove-all-adjacent-duplicates-in-string,Remove All Adjacent Duplicates In String,Easy,72.80%,12.50%
1068,https://leetcode.com/problems/product-sales-analysis-i,Product Sales Analysis I,Easy,85.60%,12.50%
1095,https://leetcode.com/problems/find-in-mountain-array,Find in Mountain Array,Hard,41.10%,12.50%
1128,https://leetcode.com/problems/number-of-equivalent-domino-pairs,Number of Equivalent Domino Pairs,Easy,60.60%,12.50%
1164,https://leetcode.com/problems/product-price-at-a-given-date,Product Price at a Given Date,Medium,57.70%,12.50%
1193,https://leetcode.com/problems/monthly-transactions-i,Monthly Transactions I,Medium,58.90%,12.50%
1207,https://leetcode.com/problems/unique-number-of-occurrences,Unique Number of Occurrences,Easy,78.60%,12.50%
1251,https://leetcode.com/problems/average-selling-price,Average Selling Price,Easy,37.10%,12.50%
1277,https://leetcode.com/problems/count-square-submatrices-with-all-ones,Count Square Submatrices with All Ones,Medium,80.70%,12.50%
1296,https://leetcode.com/problems/divide-array-in-sets-of-k-consecutive-numbers,Divide Array in Sets of K Consecutive Numbers,Medium,59.10%,12.50%
1349,https://leetcode.com/problems/maximum-students-taking-exam,Maximum Students Taking Exam,Hard,53.40%,12.50%
1358,https://leetcode.com/problems/number-of-substrings-containing-all-three-characters,Number of Substrings Containing All Three Characters,Medium,73.50%,12.50%
1373,https://leetcode.com/problems/maximum-sum-bst-in-binary-tree,Maximum Sum BST in Binary Tree,Hard,46.40%,12.50%
1378,https://leetcode.com/problems/replace-employee-id-with-the-unique-identifier,Replace Employee ID With The Unique Identifier,Easy,83.50%,12.50%
1381,https://leetcode.com/problems/design-a-stack-with-increment-operation,Design a Stack With Increment Operation,Medium,79.90%,12.50%
1390,https://leetcode.com/problems/four-divisors,Four Divisors,Medium,56.60%,12.50%
1483,https://leetcode.com/problems/kth-ancestor-of-a-tree-node,Kth Ancestor of a Tree Node,Hard,37.10%,12.50%
1523,https://leetcode.com/problems/count-odd-numbers-in-an-interval-range,Count Odd Numbers in an Interval Range,Easy,54.40%,12.50%
1528,https://leetcode.com/problems/shuffle-string,Shuffle String,Easy,85.30%,12.50%
1631,https://leetcode.com/problems/path-with-minimum-effort,Path With Minimum Effort,Medium,62.80%,12.50%
1657,https://leetcode.com/problems/determine-if-two-strings-are-close,Determine if Two Strings Are Close,Medium,54.20%,12.50%
1661,https://leetcode.com/problems/average-time-of-process-per-machine,Average Time of Process per Machine,Easy,66.90%,12.50%
1683,https://leetcode.com/problems/invalid-tweets,Invalid Tweets,Easy,85.20%,12.50%
1801,https://leetcode.com/problems/number-of-orders-in-the-backlog,Number of Orders in the Backlog,Medium,53.60%,12.50%
1859,https://leetcode.com/problems/sorting-the-sentence,Sorting the Sentence,Easy,84.10%,12.50%
1895,https://leetcode.com/problems/largest-magic-square,Largest Magic Square,Medium,75.30%,12.50%
1949,https://leetcode.com/problems/strong-friendship,Strong Friendship,Medium,54.40%,12.50%
1984,https://leetcode.com/problems/minimum-difference-between-highest-and-lowest-of-k-scores,Minimum Difference Between Highest and Lowest of K Scores,Easy,66.20%,12.50%
2073,https://leetcode.com/problems/time-needed-to-buy-tickets,Time Needed to Buy Tickets,Easy,72.10%,12.50%
2092,https://leetcode.com/problems/find-all-people-with-secret,Find All People With Secret,Hard,48.40%,12.50%
2115,https://leetcode.com/problems/find-all-possible-recipes-from-given-supplies,Find All Possible Recipes from Given Supplies,Medium,56.80%,12.50%
2296,https://leetcode.com/problems/design-a-text-editor,Design a Text Editor,Hard,49.90%,12.50%
2402,https://leetcode.com/problems/meeting-rooms-iii,Meeting Rooms III,Hard,51.70%,12.50%
2423,https://leetcode.com/problems/remove-letter-to-equalize-frequency,Remove Letter To Equalize Frequency,Easy,19.20%,12.50%
2483,https://leetcode.com/problems/minimum-penalty-for-a-shop,Minimum Penalty for a Shop,Medium,71.20%,12.50%
2535,https://leetcode.com/problems/difference-between-element-sum-and-digit-sum-of-an-array,Difference Between Element Sum and Digit Sum of an Array,Easy,85.30%,12.50%
2654,https://leetcode.com/problems/minimum-number-of-operations-to-make-all-array-elements-equal-to-1,Minimum Number of Operations to Make All Array Elements Equal to 1,Medium,54.60%,12.50%
2704,https://leetcode.com/problems/to-be-or-not-to-be,To Be Or Not To Be,Easy,63.30%,12.50%
2812,https://leetcode.com/problems/find-the-safest-path-in-a-grid,Find the Safest Path in a Grid,Medium,48.60%,12.50%
2943,https://leetcode.com/problems/maximize-area-of-square-hole-in-grid,Maximize Area of Square Hole in Grid,Medium,61.90%,12.50%
2974,https://leetcode.com/problems/minimum-number-game,Minimum Number Game,Easy,85.30%,12.50%
3021,https://leetcode.com/problems/alice-and-bob-playing-flower-game,Alice and Bob Playing Flower Game,Medium,60.10%,12.50%
3027,https://leetcode.com/problems/find-the-number-of-ways-to-place-people-ii,Find the Number of Ways to Place People II,Hard,64.40%,12.50%
3314,https://leetcode.com/problems/construct-the-minimum-bitwise-array-i,Construct the Minimum Bitwise Array I,Easy,85.30%,12.50%
3379,https://leetcode.com/problems/transformed-array,Transformed Array,Easy,70.40%,12.50%
3380,https://leetcode.com/problems/maximum-area-rectangle-with-point-constraints-i,Maximum Area Rectangle With Point Constraints I,Medium,51.30%,12.50%
3381,https://leetcode.com/problems/maximum-subarray-sum-with-length-divisible-by-k,Maximum Subarray Sum With Length Divisible by K,Medium,49.60%,12.50%
3454,https://leetcode.com/problems/separate-squares-ii,Separate Squares II,Hard,60.00%,12.50%
3531,https://leetcode.com/problems/count-covered-buildings,Count Covered Buildings,Medium,58.80%,12.50%
3573,https://leetcode.com/problems/best-time-to-buy-and-sell-stock-v,Best Time to Buy and Sell Stock V,Medium,60.80%,12.50%
3577,https://leetcode.com/problems/count-the-number-of-computer-unlocking-permutations,Count the Number of Computer Unlocking Permutations,Medium,59.00%,12.50%
3586,https://leetcode.com/problems/find-covid-recovery-patients,Find COVID Recovery Patients,Medium,41.00%,12.50%
3623,https://leetcode.com/problems/count-number-of-trapezoids-i,Count Number of Trapezoids I,Medium,48.00%,12.50%
3713,https://leetcode.com/problems/longest-balanced-substring-i,Longest Balanced Substring I,Medium,69.70%,12.50%
3719,https://leetcode.com/problems/longest-balanced-subarray-i,Longest Balanced Subarray I,Medium,65.60%,12.50%
3731,https://leetcode.com/problems/find-missing-elements,Find Missing Elements,Easy,82.80%,12.50%
3751,https://leetcode.com/problems/total-waviness-of-numbers-in-range-i,Total Waviness of Numbers in Range I,Medium,80.50%,12.50%
3803,https://leetcode.com/problems/count-residue-prefixes,Count Residue Prefixes,Easy,65.30%,12.50%
3821,https://leetcode.com/problems/find-nth-smallest-integer-with-k-one-bits,Find Nth Smallest Integer With K One Bits,Hard,33.90%,12.50%
1431,https://leetcode.com/problems/kids-with-the-greatest-number-of-candies,Kids With the Greatest Number of Candies,Easy,-,-
334,https://leetcode.com/problems/increasing-triplet-subsequence,Increasing Triplet Subsequence,Medium,-,-
1679,https://leetcode.com/problems/max-number-of-k-sum-pairs,Max Number of K-Sum Pairs,Medium,-,-
1456,https://leetcode.com/problems/maximum-number-of-vowels-in-a-substring-of-given-length,Maximum Number of Vowels in a Substring of Given Length,Medium,-,-
1493,https://leetcode.com/problems/longest-subarray-of-1s-after-deleting-one-element,Longest Subarray of 1's After Deleting One Element,Medium,-,-
1732,https://leetcode.com/problems/find-the-highest-altitude,Find the Highest Altitude,Easy,-,-
724,https://leetcode.com/problems/find-pivot-index,Find Pivot Index,Easy,-,-
2215,https://leetcode.com/problems/find-the-difference-of-two-arrays,Find the Difference of Two Arrays,Easy,-,-
2352,https://leetcode.com/problems/equal-row-and-column-pairs,Equal Row and Column Pairs,Medium,-,-
2390,https://leetcode.com/problems/removing-stars-from-a-string,Removing Stars From a String,Medium,-,-
649,https://leetcode.com/problems/dota2-senate,Dota2 Senate,Medium,-,-
2095,https://leetcode.com/problems/delete-the-middle-node-of-a-linked-list,Delete the Middle Node of a Linked List,Medium,-,-
328,https://leetcode.com/problems/odd-even-linked-list,Odd Even Linked List,Medium,-,-
2130,https://leetcode.com/problems/maximum-twin-sum-of-a-linked-list,Maximum Twin Sum of a Linked List,Medium,-,-
104,https://leetcode.com/problems/maximum-depth-of-binary-tree,Maximum Depth of Binary Tree,Easy,-,-
872,https://leetcode.com/problems/leaf-similar-trees,Leaf-Similar Trees,Easy,-,-
1448,https://leetcode.com/problems/count-good-nodes-in-binary-tree,Count Good Nodes in Binary Tree,Medium,-,-
1372,https://leetcode.com/problems/longest-zigzag-path-in-a-binary-tree,Longest ZigZag Path in a Binary Tree,Medium,-,-
199,https://leetcode.com/problems/binary-tree-right-side-view,Binary Tree Right Side View,Medium,-,-
700,https://leetcode.com/problems/search-in-a-binary-search-tree,Search in a Binary Search Tree,Easy,-,-
841,https://leetcode.com/problems/keys-and-rooms,Keys and Rooms,Medium,-,-
547,https://leetcode.com/problems/number-of-provinces,Number of Provinces,Medium,-,-
1466,https://leetcode.com/problems/reorder-routes-to-make-all-paths-lead-to-the-city-zero,Reorder Routes to Make All Paths Lead to the City Zero,Medium,-,-
1926,https://leetcode.com/problems/nearest-exit-from-entrance-in-maze,Nearest Exit from Entrance in Maze,Medium,-,-
2336,https://leetcode.com/problems/smallest-number-in-infinite-set,Smallest Number in Infinite Set,Medium,-,-
2542,https://leetcode.com/problems/maximum-subsequence-score,Maximum Subsequence Score,Medium,-,-
2462,https://leetcode.com/problems/total-cost-to-hire-k-workers,Total Cost to Hire K Workers,Medium,-,-
374,https://leetcode.com/problems/guess-number-higher-or-lower,Guess Number Higher or Lower,Easy,-,-
2300,https://leetcode.com/problems/successful-pairs-of-spells-and-potions,Successful Pairs of Spells and Potions,Medium,-,-
746,https://leetcode.com/problems/min-cost-climbing-stairs,Min Cost Climbing Stairs,Easy,-,-
790,https://leetcode.com/problems/domino-and-tromino-tiling,Domino and Tromino Tiling,Medium,-,-
338,https://leetcode.com/problems/counting-bits,Counting Bits,Easy,-,-
1318,https://leetcode.com/problems/minimum-flips-to-make-a-or-b-equal-to-c,Minimum Number of Flips to Make a OR b Equal to c,Medium,-,-
208,https://leetcode.com/problems/implement-trie-prefix-tree,Implement Trie (Prefix Tree),Medium,-,-
1268,https://leetcode.com/problems/search-suggestions-system,Search Suggestions System,Medium,-,-
452,https://leetcode.com/problems/minimum-number-of-arrows-to-burst-balloons,Minimum Number of Arrows to Burst Balloons,Medium,-,-
739,https://leetcode.com/problems/daily-temperatures,Daily Temperatures,Medium,-,-
252,https://leetcode.com/problems/meeting-rooms,Meeting Rooms,Easy,-,-
2101,https://leetcode.com/problems/detonate-the-maximum-bombs,Detonate the Maximum Bombs,Medium,-,-
1804,https://leetcode.com/problems/implement-trie-ii-prefix-tree,Implement Trie II (Prefix Tree),Medium,-,-
